{
  "version": "3.2",
  "log": [
    {
      "Ownable": {
        "src": "@openzeppelin/contracts/access/Ownable.sol:20",
        "inherit": [
          "Context"
        ],
        "libraries": [],
        "methods": [
          "owner()",
          "renounceOwnership()",
          "transferOwnership(address)"
        ],
        "linkReferences": [],
        "errors": [
          {
            "kind": "constructor",
            "contract": "Ownable",
            "src": "@openzeppelin/contracts/access/Ownable.sol:28"
          }
        ],
        "layout": {
          "storage": [
            {
              "label": "_owner",
              "offset": 0,
              "slot": "0",
              "type": "t_address",
              "contract": "Ownable",
              "src": "@openzeppelin/contracts/access/Ownable.sol:21"
            }
          ],
          "types": {
            "t_address": {
              "label": "address",
              "numberOfBytes": "20"
            }
          },
          "layoutVersion": "1.1",
          "flat": true
        }
      },
      "ERC20": {
        "src": "@openzeppelin/contracts/token/ERC20/ERC20.sol:35",
        "version": {
          "withMetadata": "d691e8a7a1eafce9118c516ff82f6831a35f01bb542afd43133dc0f122c12514",
          "withoutMetadata": "b4540fe9f7e31edaff0d12456d61a9a0f7cf1d32e18e2cd7387df7f6481f4dc0",
          "linkedWithoutMetadata": "b4540fe9f7e31edaff0d12456d61a9a0f7cf1d32e18e2cd7387df7f6481f4dc0"
        },
        "inherit": [
          "IERC20Metadata",
          "IERC20",
          "Context"
        ],
        "libraries": [],
        "methods": [
          "(string,string)",
          "name()",
          "symbol()",
          "decimals()",
          "totalSupply()",
          "balanceOf(address)",
          "transfer(address,uint256)",
          "allowance(address,address)",
          "approve(address,uint256)",
          "transferFrom(address,address,uint256)",
          "increaseAllowance(address,uint256)",
          "decreaseAllowance(address,uint256)"
        ],
        "linkReferences": [],
        "errors": [
          {
            "kind": "constructor",
            "contract": "ERC20",
            "src": "@openzeppelin/contracts/token/ERC20/ERC20.sol:54"
          }
        ],
        "layout": {
          "storage": [
            {
              "label": "_balances",
              "offset": 0,
              "slot": "0",
              "type": "t_mapping(t_address,t_uint256)",
              "contract": "ERC20",
              "src": "@openzeppelin/contracts/token/ERC20/ERC20.sol:36"
            },
            {
              "label": "_allowances",
              "offset": 0,
              "slot": "1",
              "type": "t_mapping(t_address,t_mapping(t_address,t_uint256))",
              "contract": "ERC20",
              "src": "@openzeppelin/contracts/token/ERC20/ERC20.sol:38"
            },
            {
              "label": "_totalSupply",
              "offset": 0,
              "slot": "2",
              "type": "t_uint256",
              "contract": "ERC20",
              "src": "@openzeppelin/contracts/token/ERC20/ERC20.sol:40"
            },
            {
              "label": "_name",
              "offset": 0,
              "slot": "3",
              "type": "t_string_storage",
              "contract": "ERC20",
              "src": "@openzeppelin/contracts/token/ERC20/ERC20.sol:42"
            },
            {
              "label": "_symbol",
              "offset": 0,
              "slot": "4",
              "type": "t_string_storage",
              "contract": "ERC20",
              "src": "@openzeppelin/contracts/token/ERC20/ERC20.sol:43"
            }
          ],
          "types": {
            "t_address": {
              "label": "address",
              "numberOfBytes": "20"
            },
            "t_mapping(t_address,t_mapping(t_address,t_uint256))": {
              "label": "mapping(address => mapping(address => uint256))",
              "numberOfBytes": "32"
            },
            "t_mapping(t_address,t_uint256)": {
              "label": "mapping(address => uint256)",
              "numberOfBytes": "32"
            },
            "t_string_storage": {
              "label": "string",
              "numberOfBytes": "32"
            },
            "t_uint256": {
              "label": "uint256",
              "numberOfBytes": "32"
            }
          },
          "layoutVersion": "1.1",
          "flat": true
        }
      },
      "IERC20": {
        "src": "@openzeppelin/contracts/token/ERC20/IERC20.sol:9",
        "inherit": [],
        "libraries": [],
        "methods": [
          "totalSupply()",
          "balanceOf(address)",
          "transfer(address,uint256)",
          "allowance(address,address)",
          "approve(address,uint256)",
          "transferFrom(address,address,uint256)"
        ],
        "linkReferences": [],
        "errors": [],
        "layout": {
          "storage": [],
          "types": {},
          "layoutVersion": "1.1",
          "flat": false
        }
      },
      "IERC20Metadata": {
        "src": "@openzeppelin/contracts/token/ERC20/extensions/IERC20Metadata.sol:13",
        "inherit": [
          "IERC20"
        ],
        "libraries": [],
        "methods": [
          "name()",
          "symbol()",
          "decimals()"
        ],
        "linkReferences": [],
        "errors": [],
        "layout": {
          "storage": [],
          "types": {},
          "layoutVersion": "1.1",
          "flat": false
        }
      },
      "IERC20Permit": {
        "src": "@openzeppelin/contracts/token/ERC20/extensions/draft-IERC20Permit.sol:14",
        "inherit": [],
        "libraries": [],
        "methods": [
          "permit(address,address,uint256,uint256,uint8,bytes32,bytes32)",
          "nonces(address)",
          "DOMAIN_SEPARATOR()"
        ],
        "linkReferences": [],
        "errors": [],
        "layout": {
          "storage": [],
          "types": {},
          "layoutVersion": "1.1",
          "flat": false
        }
      },
      "SafeERC20": {
        "src": "@openzeppelin/contracts/token/ERC20/utils/SafeERC20.sol:19",
        "version": {
          "withMetadata": "18b582dab7ce4df941b9c2731aaafe8ef0dc991f41045a180377ca31cd283b0b",
          "withoutMetadata": "08d24783a787f8a51dea0c166bb6f91a4f0865e02d03d749f102d332e6ead0ff",
          "linkedWithoutMetadata": "08d24783a787f8a51dea0c166bb6f91a4f0865e02d03d749f102d332e6ead0ff"
        },
        "inherit": [],
        "libraries": [
          "Address"
        ],
        "methods": [],
        "linkReferences": [],
        "errors": [],
        "layout": {
          "storage": [],
          "types": {},
          "layoutVersion": "1.1",
          "flat": false
        }
      },
      "Address": {
        "src": "@openzeppelin/contracts/utils/Address.sol:9",
        "version": {
          "withMetadata": "265ddbacdeb109cd7b51044250c6c989b791d313cb7e765ad12042d2c7f06d23",
          "withoutMetadata": "08d24783a787f8a51dea0c166bb6f91a4f0865e02d03d749f102d332e6ead0ff",
          "linkedWithoutMetadata": "08d24783a787f8a51dea0c166bb6f91a4f0865e02d03d749f102d332e6ead0ff"
        },
        "inherit": [],
        "libraries": [],
        "methods": [],
        "linkReferences": [],
        "errors": [
          {
            "kind": "delegatecall",
            "src": "@openzeppelin/contracts/utils/Address.sol:191"
          }
        ],
        "layout": {
          "storage": [],
          "types": {},
          "layoutVersion": "1.1",
          "flat": false
        }
      },
      "Context": {
        "src": "@openzeppelin/contracts/utils/Context.sol:16",
        "inherit": [],
        "libraries": [],
        "methods": [],
        "linkReferences": [],
        "errors": [],
        "layout": {
          "storage": [],
          "types": {},
          "layoutVersion": "1.1",
          "flat": false
        }
      },
      "Math": {
        "src": "@openzeppelin/contracts/utils/math/Math.sol:9",
        "version": {
          "withMetadata": "bf61d58fb758125f7fc25381947987a3d4115691e35ab1e23ee1626f683f0685",
          "withoutMetadata": "08d24783a787f8a51dea0c166bb6f91a4f0865e02d03d749f102d332e6ead0ff",
          "linkedWithoutMetadata": "08d24783a787f8a51dea0c166bb6f91a4f0865e02d03d749f102d332e6ead0ff"
        },
        "inherit": [],
        "libraries": [],
        "methods": [],
        "linkReferences": [],
        "errors": [],
        "layout": {
          "storage": [],
          "types": {},
          "layoutVersion": "1.1",
          "flat": false
        }
      },
      "ERC4626ETH": {
        "src": "contracts/ERC4626ETH.sol:14",
        "inherit": [
          "ERC20",
          "IERC20Metadata",
          "IERC20",
          "Ownable",
          "Context"
        ],
        "libraries": [
          "Math",
          "Address"
        ],
        "methods": [
          "asset()",
          "totalAssets()",
          "convertToShares(uint256)",
          "convertToAssets(uint256)",
          "maxDeposit(address)",
          "maxMint(address)",
          "maxWithdraw(address)",
          "maxRedeem(address)",
          "previewDeposit(uint256)",
          "previewMint(uint256)",
          "previewWithdraw(uint256)",
          "previewRedeem(uint256)",
          "deposit(uint256,address)",
          "mint(uint256,address)",
          "withdraw(uint256,address,address)",
          "redeem(uint256,address,address)"
        ],
        "linkReferences": [],
        "errors": [],
        "layout": {
          "storage": [
            {
              "label": "_owner",
              "offset": 0,
              "slot": "0",
              "type": "t_address",
              "contract": "Ownable",
              "src": "@openzeppelin/contracts/access/Ownable.sol:21"
            },
            {
              "label": "_balances",
              "offset": 0,
              "slot": "1",
              "type": "t_mapping(t_address,t_uint256)",
              "contract": "ERC20",
              "src": "@openzeppelin/contracts/token/ERC20/ERC20.sol:36"
            },
            {
              "label": "_allowances",
              "offset": 0,
              "slot": "2",
              "type": "t_mapping(t_address,t_mapping(t_address,t_uint256))",
              "contract": "ERC20",
              "src": "@openzeppelin/contracts/token/ERC20/ERC20.sol:38"
            },
            {
              "label": "_totalSupply",
              "offset": 0,
              "slot": "3",
              "type": "t_uint256",
              "contract": "ERC20",
              "src": "@openzeppelin/contracts/token/ERC20/ERC20.sol:40"
            },
            {
              "label": "_name",
              "offset": 0,
              "slot": "4",
              "type": "t_string_storage",
              "contract": "ERC20",
              "src": "@openzeppelin/contracts/token/ERC20/ERC20.sol:42"
            },
            {
              "label": "_symbol",
              "offset": 0,
              "slot": "5",
              "type": "t_string_storage",
              "contract": "ERC20",
              "src": "@openzeppelin/contracts/token/ERC20/ERC20.sol:43"
            }
          ],
          "types": {
            "t_address": {
              "label": "address",
              "numberOfBytes": "20"
            },
            "t_mapping(t_address,t_mapping(t_address,t_uint256))": {
              "label": "mapping(address => mapping(address => uint256))",
              "numberOfBytes": "32"
            },
            "t_mapping(t_address,t_uint256)": {
              "label": "mapping(address => uint256)",
              "numberOfBytes": "32"
            },
            "t_string_storage": {
              "label": "string",
              "numberOfBytes": "32"
            },
            "t_uint256": {
              "label": "uint256",
              "numberOfBytes": "32"
            }
          },
          "layoutVersion": "1.1",
          "flat": true
        }
      },
      "Exploit": {
        "src": "contracts/Exploit.sol:32",
        "version": {
          "withMetadata": "f399564ae01a6e171660aa77ac1cc4fc179a92be7d419fe29c6ed5931dd252b6",
          "withoutMetadata": "f399564ae01a6e171660aa77ac1cc4fc179a92be7d419fe29c6ed5931dd252b6",
          "linkedWithoutMetadata": "f399564ae01a6e171660aa77ac1cc4fc179a92be7d419fe29c6ed5931dd252b6"
        },
        "inherit": [],
        "libraries": [],
        "methods": [
          "forceSend(uint256)",
          "(address)"
        ],
        "linkReferences": [],
        "errors": [
          {
            "kind": "constructor",
            "contract": "Exploit",
            "src": "contracts/Exploit.sol:38"
          }
        ],
        "layout": {
          "storage": [
            {
              "label": "targetContract",
              "offset": 0,
              "slot": "0",
              "type": "t_contract(victim)2387",
              "contract": "Exploit",
              "src": "contracts/Exploit.sol:33"
            }
          ],
          "types": {
            "t_contract(victim)2387": {
              "label": "contract victim",
              "numberOfBytes": "20"
            }
          },
          "layoutVersion": "1.1",
          "flat": true
        }
      },
      "Reentrancy": {
        "src": "contracts/Exploit.sol:15",
        "version": {
          "withMetadata": "1f4d4df751b315886200c3347ed572562872a89fcf97c5cbd56fa21c54ed9771",
          "withoutMetadata": "da7458f6139c4c9e73eaaf8ad0ac97d4f720f42b91835247f78848b3506af48f",
          "linkedWithoutMetadata": "da7458f6139c4c9e73eaaf8ad0ac97d4f720f42b91835247f78848b3506af48f"
        },
        "inherit": [],
        "libraries": [],
        "methods": [
          "(address,address)",
          "forceSend(uint256)",
          "()"
        ],
        "linkReferences": [],
        "errors": [
          {
            "kind": "constructor",
            "contract": "Reentrancy",
            "src": "contracts/Exploit.sol:18"
          }
        ],
        "layout": {
          "storage": [
            {
              "label": "VictimContract",
              "offset": 0,
              "slot": "0",
              "type": "t_contract(victim)2387",
              "contract": "Reentrancy",
              "src": "contracts/Exploit.sol:16"
            },
            {
              "label": "creator",
              "offset": 0,
              "slot": "1",
              "type": "t_address",
              "contract": "Reentrancy",
              "src": "contracts/Exploit.sol:17"
            }
          ],
          "types": {
            "t_address": {
              "label": "address",
              "numberOfBytes": "20"
            },
            "t_contract(victim)2387": {
              "label": "contract victim",
              "numberOfBytes": "20"
            }
          },
          "layoutVersion": "1.1",
          "flat": true
        }
      },
      "Selfdes": {
        "src": "contracts/Exploit.sol:9",
        "version": {
          "withMetadata": "393f44dfc23baf47c9d89c797748855c2783ed488d315c5faa3a81a7cabb4818",
          "withoutMetadata": "393f44dfc23baf47c9d89c797748855c2783ed488d315c5faa3a81a7cabb4818",
          "linkedWithoutMetadata": "393f44dfc23baf47c9d89c797748855c2783ed488d315c5faa3a81a7cabb4818"
        },
        "inherit": [],
        "libraries": [],
        "methods": [
          "(address)"
        ],
        "linkReferences": [],
        "errors": [
          {
            "kind": "constructor",
            "contract": "Selfdes",
            "src": "contracts/Exploit.sol:10"
          },
          {
            "kind": "selfdestruct",
            "src": "contracts/Exploit.sol:11"
          }
        ],
        "layout": {
          "storage": [],
          "types": {},
          "layoutVersion": "1.1",
          "flat": false
        }
      },
      "victim": {
        "src": "contracts/Exploit.sol:3",
        "inherit": [],
        "libraries": [],
        "methods": [
          "withdraw(uint256,address,address)",
          "deposit(uint256,address)",
          "approve(address,uint256)",
          "captureTheFlag(address)"
        ],
        "linkReferences": [],
        "errors": [],
        "layout": {
          "storage": [],
          "types": {},
          "layoutVersion": "1.1",
          "flat": false
        }
      },
      "Lock": {
        "src": "contracts/Lock.sol:7",
        "version": {
          "withMetadata": "a047ce72d4dd9c2ccecbac6743edf29aad5ab3def5d8bb48c4884b7bb62ace85",
          "withoutMetadata": "32d3554bc8a13582db0b28868b0c01929a838351fd373d89fd187b5992f6da5b",
          "linkedWithoutMetadata": "32d3554bc8a13582db0b28868b0c01929a838351fd373d89fd187b5992f6da5b"
        },
        "inherit": [],
        "libraries": [],
        "methods": [
          "(uint256)",
          "withdraw()"
        ],
        "linkReferences": [],
        "errors": [
          {
            "kind": "constructor",
            "contract": "Lock",
            "src": "contracts/Lock.sol:13"
          }
        ],
        "layout": {
          "storage": [
            {
              "label": "unlockTime",
              "offset": 0,
              "slot": "0",
              "type": "t_uint256",
              "contract": "Lock",
              "src": "contracts/Lock.sol:8"
            },
            {
              "label": "owner",
              "offset": 0,
              "slot": "1",
              "type": "t_address_payable",
              "contract": "Lock",
              "src": "contracts/Lock.sol:9"
            }
          ],
          "types": {
            "t_address_payable": {
              "label": "address payable",
              "numberOfBytes": "20"
            },
            "t_uint256": {
              "label": "uint256",
              "numberOfBytes": "32"
            }
          },
          "layoutVersion": "1.1",
          "flat": true
        }
      },
      "Vault": {
        "src": "contracts/Vault.sol:6",
        "version": {
          "withMetadata": "45e2420337cf7018b2b1ff7fa46ee914d421e25dd7d17fed6ecdc038a8f3b2ae",
          "withoutMetadata": "6b8ca3917620e6b7909f6f432d4615ac7bf05dce2b37c0fc98479ed5ad6b5581",
          "linkedWithoutMetadata": "6b8ca3917620e6b7909f6f432d4615ac7bf05dce2b37c0fc98479ed5ad6b5581"
        },
        "inherit": [
          "ERC4626ETH",
          "ERC20",
          "IERC20Metadata",
          "IERC20",
          "Ownable",
          "Context"
        ],
        "libraries": [],
        "methods": [
          "()",
          "captureTheFlag(address)"
        ],
        "linkReferences": [],
        "errors": [
          {
            "kind": "constructor",
            "contract": "Vault",
            "src": "contracts/Vault.sol:13"
          }
        ],
        "layout": {
          "storage": [
            {
              "label": "_owner",
              "offset": 0,
              "slot": "0",
              "type": "t_address",
              "contract": "Ownable",
              "src": "@openzeppelin/contracts/access/Ownable.sol:21"
            },
            {
              "label": "_balances",
              "offset": 0,
              "slot": "1",
              "type": "t_mapping(t_address,t_uint256)",
              "contract": "ERC20",
              "src": "@openzeppelin/contracts/token/ERC20/ERC20.sol:36"
            },
            {
              "label": "_allowances",
              "offset": 0,
              "slot": "2",
              "type": "t_mapping(t_address,t_mapping(t_address,t_uint256))",
              "contract": "ERC20",
              "src": "@openzeppelin/contracts/token/ERC20/ERC20.sol:38"
            },
            {
              "label": "_totalSupply",
              "offset": 0,
              "slot": "3",
              "type": "t_uint256",
              "contract": "ERC20",
              "src": "@openzeppelin/contracts/token/ERC20/ERC20.sol:40"
            },
            {
              "label": "_name",
              "offset": 0,
              "slot": "4",
              "type": "t_string_storage",
              "contract": "ERC20",
              "src": "@openzeppelin/contracts/token/ERC20/ERC20.sol:42"
            },
            {
              "label": "_symbol",
              "offset": 0,
              "slot": "5",
              "type": "t_string_storage",
              "contract": "ERC20",
              "src": "@openzeppelin/contracts/token/ERC20/ERC20.sol:43"
            },
            {
              "label": "flagHolder",
              "offset": 0,
              "slot": "6",
              "type": "t_address",
              "contract": "Vault",
              "src": "contracts/Vault.sol:7"
            }
          ],
          "types": {
            "t_address": {
              "label": "address",
              "numberOfBytes": "20"
            },
            "t_mapping(t_address,t_mapping(t_address,t_uint256))": {
              "label": "mapping(address => mapping(address => uint256))",
              "numberOfBytes": "32"
            },
            "t_mapping(t_address,t_uint256)": {
              "label": "mapping(address => uint256)",
              "numberOfBytes": "32"
            },
            "t_string_storage": {
              "label": "string",
              "numberOfBytes": "32"
            },
            "t_uint256": {
              "label": "uint256",
              "numberOfBytes": "32"
            }
          },
          "layoutVersion": "1.1",
          "flat": true
        }
      }
    }
  ]
}